{
  "project_info": {
    "project_number": "593157831917",
    "firebase_url": "https://dartmouth-naps.firebaseio.com",
    "project_id": "dartmouth-naps",
    "storage_bucket": "dartmouth-naps.appspot.com"
  },
  "client": [
    {
      "client_info": {
        "mobilesdk_app_id": "1:593157831917:android:7747349ce0f33747",
        "android_client_info": {
          "package_name": "edu.dartmouth.cs65.dartmouthnaps"
        }
      },
      "oauth_client": [
        {
          "client_id": "593157831917-pp72jttealkunfror93pbjmnebjih32s.apps.googleusercontent.com",
          "client_type": 3
        }
      ],
      "api_key": [
        {
          "current_key": "AIzaSyCSxu70DzQWP2f0wsQb36UEzycI39p9PDw"
        }
      ],
      "services": {
        "analytics_service": {
          "status": 1
        },
        "appinvite_service": {
          "status": 1,
          "other_platform_oauth_client": []
        },
        "ads_service": {
          "status": 2
        }
      }
    }
  ],
  "configuration_version": "1"
}